,accuracy,loss,val_accuracy,val_loss
0,0.3213927856308664,1.504949554651677,0.39679358720421076,1.4141504310653779
