,accuracy,loss,val_accuracy,val_loss
0,0.337675350820851,1.5333387297475505,0.4188376754104255,1.2839720077170638
